https://remoodle.fun/stemday/songs/MVUT959.mp3,MVUT959
https://remoodle.fun/stemday/songs/MIKP735.mp3,MIKP735
https://remoodle.fun/stemday/songs/XBCL285.mp3,XBCL285
https://remoodle.fun/stemday/songs/ZILF293.mp3,ZILF293
https://remoodle.fun/stemday/songs/ZBRF018.mp3,ZBRF018
https://remoodle.fun/stemday/songs/TXIQ136.mp3,TXIQ136
https://remoodle.fun/stemday/songs/FWKU948.mp3,FWKU948
https://remoodle.fun/stemday/songs/ELQI281.mp3,ELQI281
https://remoodle.fun/stemday/songs/UKLZ371.mp3,UKLZ371
https://remoodle.fun/stemday/songs/DSLB497.mp3,DSLB497
https://remoodle.fun/stemday/songs/DCDT456.mp3,DCDT456
https://remoodle.fun/stemday/songs/CKTF358.mp3,CKTF358
https://remoodle.fun/stemday/songs/WHJB949.mp3,WHJB949
https://remoodle.fun/stemday/songs/YUNH248.mp3,YUNH248
https://remoodle.fun/stemday/songs/RDRV609.mp3,RDRV609
https://remoodle.fun/stemday/songs/TXKX842.mp3,TXKX842
https://remoodle.fun/stemday/songs/GJGS848.mp3,GJGS848
https://remoodle.fun/stemday/songs/CFJP394.mp3,CFJP394
https://remoodle.fun/stemday/songs/BMGF791.mp3,BMGF791
https://remoodle.fun/stemday/songs/LQIW982.mp3,LQIW982
https://remoodle.fun/stemday/songs/CIXR613.mp3,CIXR613
https://remoodle.fun/stemday/songs/RLMJ194.mp3,RLMJ194
https://remoodle.fun/stemday/songs/FNFG880.mp3,FNFG880
https://remoodle.fun/stemday/songs/ELIQ957.mp3,ELIQ957
https://remoodle.fun/stemday/songs/PHJT873.mp3,PHJT873
https://remoodle.fun/stemday/songs/YWIN829.mp3,YWIN829
https://remoodle.fun/stemday/songs/YAWD395.mp3,YAWD395
https://remoodle.fun/stemday/songs/JMNJ179.mp3,JMNJ179
https://remoodle.fun/stemday/songs/RECN062.mp3,RECN062
https://remoodle.fun/stemday/songs/AAZX614.mp3,AAZX614
https://remoodle.fun/stemday/songs/HYBA505.mp3,HYBA505
https://remoodle.fun/stemday/songs/XUAP903.mp3,XUAP903
https://remoodle.fun/stemday/songs/WOYP198.mp3,WOYP198
https://remoodle.fun/stemday/songs/QTTZ220.mp3,QTTZ220
https://remoodle.fun/stemday/songs/VTCX538.mp3,VTCX538
https://remoodle.fun/stemday/songs/OXYW577.mp3,OXYW577
https://remoodle.fun/stemday/songs/IOJB887.mp3,IOJB887
https://remoodle.fun/stemday/songs/YTOL428.mp3,YTOL428
https://remoodle.fun/stemday/songs/VNJC161.mp3,VNJC161
https://remoodle.fun/stemday/songs/IAWV904.mp3,IAWV904
https://remoodle.fun/stemday/songs/HONF455.mp3,HONF455
https://remoodle.fun/stemday/songs/QMKE074.mp3,QMKE074
https://remoodle.fun/stemday/songs/BIHB063.mp3,BIHB063
https://remoodle.fun/stemday/songs/LDQU468.mp3,LDQU468
https://remoodle.fun/stemday/songs/LZND328.mp3,LZND328
https://remoodle.fun/stemday/songs/HORE905.mp3,HORE905
https://remoodle.fun/stemday/songs/RZJB047.mp3,RZJB047
https://remoodle.fun/stemday/songs/PKXP895.mp3,PKXP895
https://remoodle.fun/stemday/songs/YIMJ542.mp3,YIMJ542
https://remoodle.fun/stemday/songs/DDHP833.mp3,DDHP833
https://remoodle.fun/stemday/songs/KIER043.mp3,KIER043
https://remoodle.fun/stemday/songs/HHMC713.mp3,HHMC713
https://remoodle.fun/stemday/songs/HZHQ389.mp3,HZHQ389
https://remoodle.fun/stemday/songs/MQZH747.mp3,MQZH747
https://remoodle.fun/stemday/songs/ADQT165.mp3,ADQT165
https://remoodle.fun/stemday/songs/AKQJ533.mp3,AKQJ533
https://remoodle.fun/stemday/songs/EOQC408.mp3,EOQC408
https://remoodle.fun/stemday/songs/GURX220.mp3,GURX220
https://remoodle.fun/stemday/songs/JLFI860.mp3,JLFI860
https://remoodle.fun/stemday/songs/INZW257.mp3,INZW257
https://remoodle.fun/stemday/songs/PVGV996.mp3,PVGV996
https://remoodle.fun/stemday/songs/FUZN267.mp3,FUZN267
https://remoodle.fun/stemday/songs/QOET673.mp3,QOET673
https://remoodle.fun/stemday/songs/AOZU685.mp3,AOZU685
https://remoodle.fun/stemday/songs/WLUF527.mp3,WLUF527
https://remoodle.fun/stemday/songs/YKQP075.mp3,YKQP075
https://remoodle.fun/stemday/songs/FOBD265.mp3,FOBD265
https://remoodle.fun/stemday/songs/UNMF437.mp3,UNMF437
https://remoodle.fun/stemday/songs/YEUZ728.mp3,YEUZ728
https://remoodle.fun/stemday/songs/ADAJ924.mp3,ADAJ924
https://remoodle.fun/stemday/songs/PSEH391.mp3,PSEH391
https://remoodle.fun/stemday/songs/PYZF454.mp3,PYZF454
https://remoodle.fun/stemday/songs/HOVG217.mp3,HOVG217
https://remoodle.fun/stemday/songs/WREK449.mp3,WREK449
https://remoodle.fun/stemday/songs/OFII149.mp3,OFII149
https://remoodle.fun/stemday/songs/AKZY977.mp3,AKZY977
https://remoodle.fun/stemday/songs/EUPM952.mp3,EUPM952
https://remoodle.fun/stemday/songs/YTMP644.mp3,YTMP644
https://remoodle.fun/stemday/songs/OTYG985.mp3,OTYG985
https://remoodle.fun/stemday/songs/QGQR787.mp3,QGQR787
https://remoodle.fun/stemday/songs/TIPI030.mp3,TIPI030
https://remoodle.fun/stemday/songs/MEWS033.mp3,MEWS033
https://remoodle.fun/stemday/songs/BCUA919.mp3,BCUA919
https://remoodle.fun/stemday/songs/SVIV169.mp3,SVIV169
https://remoodle.fun/stemday/songs/TSSX121.mp3,TSSX121
https://remoodle.fun/stemday/songs/AJGD960.mp3,AJGD960
https://remoodle.fun/stemday/songs/QTNO265.mp3,QTNO265
https://remoodle.fun/stemday/songs/TQLH298.mp3,TQLH298
https://remoodle.fun/stemday/songs/XLYJ341.mp3,XLYJ341
https://remoodle.fun/stemday/songs/NFIL894.mp3,NFIL894
https://remoodle.fun/stemday/songs/FBTM435.mp3,FBTM435
https://remoodle.fun/stemday/songs/EPVE984.mp3,EPVE984
https://remoodle.fun/stemday/songs/WGKZ105.mp3,WGKZ105
https://remoodle.fun/stemday/songs/LRGZ587.mp3,LRGZ587
https://remoodle.fun/stemday/songs/MGOG307.mp3,MGOG307
https://remoodle.fun/stemday/songs/LDGX863.mp3,LDGX863
https://remoodle.fun/stemday/songs/QOTE544.mp3,QOTE544
https://remoodle.fun/stemday/songs/LRDX458.mp3,LRDX458
https://remoodle.fun/stemday/songs/RHTN591.mp3,RHTN591
https://remoodle.fun/stemday/songs/HWRN320.mp3,HWRN320
https://remoodle.fun/stemday/songs/FCVY551.mp3,FCVY551
https://remoodle.fun/stemday/songs/QGLE671.mp3,QGLE671
https://remoodle.fun/stemday/songs/RNOA884.mp3,RNOA884
https://remoodle.fun/stemday/songs/ULMO374.mp3,ULMO374
https://remoodle.fun/stemday/songs/PKML923.mp3,PKML923
https://remoodle.fun/stemday/songs/HACW253.mp3,HACW253
https://remoodle.fun/stemday/songs/BVXA369.mp3,BVXA369
https://remoodle.fun/stemday/songs/DRIH405.mp3,DRIH405
https://remoodle.fun/stemday/songs/DNQK713.mp3,DNQK713
https://remoodle.fun/stemday/songs/SHGV397.mp3,SHGV397
https://remoodle.fun/stemday/songs/IUHR065.mp3,IUHR065
https://remoodle.fun/stemday/songs/KVYK517.mp3,KVYK517
https://remoodle.fun/stemday/songs/NZAE978.mp3,NZAE978
https://remoodle.fun/stemday/songs/GRWD641.mp3,GRWD641
https://remoodle.fun/stemday/songs/PJHE213.mp3,PJHE213
https://remoodle.fun/stemday/songs/JQAT341.mp3,JQAT341
https://remoodle.fun/stemday/songs/FIMM228.mp3,FIMM228
https://remoodle.fun/stemday/songs/BVNF149.mp3,BVNF149
https://remoodle.fun/stemday/songs/EXGA604.mp3,EXGA604
https://remoodle.fun/stemday/songs/BNJN010.mp3,BNJN010
https://remoodle.fun/stemday/songs/OQKU251.mp3,OQKU251
https://remoodle.fun/stemday/songs/WYGU980.mp3,WYGU980
https://remoodle.fun/stemday/songs/TSOB442.mp3,TSOB442
https://remoodle.fun/stemday/songs/ZTRR574.mp3,ZTRR574
https://remoodle.fun/stemday/songs/PZOM974.mp3,PZOM974
https://remoodle.fun/stemday/songs/YQWZ097.mp3,YQWZ097
https://remoodle.fun/stemday/songs/HZDK195.mp3,HZDK195
https://remoodle.fun/stemday/songs/VUXJ131.mp3,VUXJ131
https://remoodle.fun/stemday/songs/YEUX572.mp3,YEUX572
https://remoodle.fun/stemday/songs/KUOC696.mp3,KUOC696
https://remoodle.fun/stemday/songs/EGCD974.mp3,EGCD974
https://remoodle.fun/stemday/songs/LCJU348.mp3,LCJU348
https://remoodle.fun/stemday/songs/WTZV065.mp3,WTZV065
https://remoodle.fun/stemday/songs/XIHD067.mp3,XIHD067
https://remoodle.fun/stemday/songs/EADQ790.mp3,EADQ790
https://remoodle.fun/stemday/songs/KULD619.mp3,KULD619
https://remoodle.fun/stemday/songs/BTOJ690.mp3,BTOJ690
https://remoodle.fun/stemday/songs/LPZV756.mp3,LPZV756
https://remoodle.fun/stemday/songs/LIBV277.mp3,LIBV277
https://remoodle.fun/stemday/songs/RZQY308.mp3,RZQY308
https://remoodle.fun/stemday/songs/OIDY762.mp3,OIDY762
https://remoodle.fun/stemday/songs/XZIR859.mp3,XZIR859
https://remoodle.fun/stemday/songs/FHUI526.mp3,FHUI526
https://remoodle.fun/stemday/songs/VDMK876.mp3,VDMK876
https://remoodle.fun/stemday/songs/UJHJ268.mp3,UJHJ268
https://remoodle.fun/stemday/songs/GYPX342.mp3,GYPX342
https://remoodle.fun/stemday/songs/MNAJ348.mp3,MNAJ348
https://remoodle.fun/stemday/songs/MJMB351.mp3,MJMB351
https://remoodle.fun/stemday/songs/FTQL648.mp3,FTQL648
https://remoodle.fun/stemday/songs/DGXT097.mp3,DGXT097
https://remoodle.fun/stemday/songs/CXJS343.mp3,CXJS343
https://remoodle.fun/stemday/songs/KHLI148.mp3,KHLI148
https://remoodle.fun/stemday/songs/GGQN613.mp3,GGQN613
https://remoodle.fun/stemday/songs/RXJR448.mp3,RXJR448
https://remoodle.fun/stemday/songs/XPCS879.mp3,XPCS879
https://remoodle.fun/stemday/songs/XTLH845.mp3,XTLH845
https://remoodle.fun/stemday/songs/QZTF400.mp3,QZTF400
https://remoodle.fun/stemday/songs/MAOK556.mp3,MAOK556
https://remoodle.fun/stemday/songs/QHPC332.mp3,QHPC332
https://remoodle.fun/stemday/songs/CYHY703.mp3,CYHY703
https://remoodle.fun/stemday/songs/FSTI433.mp3,FSTI433
https://remoodle.fun/stemday/songs/VIOB459.mp3,VIOB459
https://remoodle.fun/stemday/songs/ZNZO966.mp3,ZNZO966
https://remoodle.fun/stemday/songs/SMDI897.mp3,SMDI897
https://remoodle.fun/stemday/songs/RCHR806.mp3,RCHR806
https://remoodle.fun/stemday/songs/NNCQ251.mp3,NNCQ251
https://remoodle.fun/stemday/songs/KKVM495.mp3,KKVM495
https://remoodle.fun/stemday/songs/FKZS635.mp3,FKZS635
https://remoodle.fun/stemday/songs/BRMJ926.mp3,BRMJ926
https://remoodle.fun/stemday/songs/HVKD692.mp3,HVKD692
https://remoodle.fun/stemday/songs/PSDU854.mp3,PSDU854
https://remoodle.fun/stemday/songs/WXVF554.mp3,WXVF554
https://remoodle.fun/stemday/songs/QBWU494.mp3,QBWU494
https://remoodle.fun/stemday/songs/QUIB994.mp3,QUIB994
https://remoodle.fun/stemday/songs/MEXJ608.mp3,MEXJ608
https://remoodle.fun/stemday/songs/YFRT274.mp3,YFRT274
https://remoodle.fun/stemday/songs/NVYA490.mp3,NVYA490
https://remoodle.fun/stemday/songs/HVLR529.mp3,HVLR529
https://remoodle.fun/stemday/songs/XPFP133.mp3,XPFP133
https://remoodle.fun/stemday/songs/ZKNC621.mp3,ZKNC621
https://remoodle.fun/stemday/songs/KPBD801.mp3,KPBD801
https://remoodle.fun/stemday/songs/COEV558.mp3,COEV558
https://remoodle.fun/stemday/songs/UNNO982.mp3,UNNO982
https://remoodle.fun/stemday/songs/IOGO353.mp3,IOGO353
https://remoodle.fun/stemday/songs/CHFX054.mp3,CHFX054
https://remoodle.fun/stemday/songs/DUXD665.mp3,DUXD665
https://remoodle.fun/stemday/songs/AMZQ042.mp3,AMZQ042
https://remoodle.fun/stemday/songs/BADW114.mp3,BADW114
https://remoodle.fun/stemday/songs/AEXJ337.mp3,AEXJ337
https://remoodle.fun/stemday/songs/SNTF679.mp3,SNTF679
https://remoodle.fun/stemday/songs/KVKF782.mp3,KVKF782
https://remoodle.fun/stemday/songs/BUPK726.mp3,BUPK726
https://remoodle.fun/stemday/songs/YUNC163.mp3,YUNC163
https://remoodle.fun/stemday/songs/LIPQ578.mp3,LIPQ578
https://remoodle.fun/stemday/songs/IQVR379.mp3,IQVR379
https://remoodle.fun/stemday/songs/RMVS214.mp3,RMVS214
https://remoodle.fun/stemday/songs/RAOR442.mp3,RAOR442
https://remoodle.fun/stemday/songs/OIXT162.mp3,OIXT162
https://remoodle.fun/stemday/songs/IDPI476.mp3,IDPI476
https://remoodle.fun/stemday/songs/TLYF842.mp3,TLYF842
https://remoodle.fun/stemday/songs/SFKC157.mp3,SFKC157
https://remoodle.fun/stemday/songs/QRJN482.mp3,QRJN482
https://remoodle.fun/stemday/songs/UMEO995.mp3,UMEO995
https://remoodle.fun/stemday/songs/CEUN816.mp3,CEUN816
https://remoodle.fun/stemday/songs/FUJJ227.mp3,FUJJ227
https://remoodle.fun/stemday/songs/SMNY343.mp3,SMNY343
https://remoodle.fun/stemday/songs/TFSQ658.mp3,TFSQ658
https://remoodle.fun/stemday/songs/VVYN923.mp3,VVYN923
https://remoodle.fun/stemday/songs/BDOM212.mp3,BDOM212
https://remoodle.fun/stemday/songs/FMDV921.mp3,FMDV921
https://remoodle.fun/stemday/songs/IBRO395.mp3,IBRO395
https://remoodle.fun/stemday/songs/IZJQ155.mp3,IZJQ155
https://remoodle.fun/stemday/songs/WTIE301.mp3,WTIE301
https://remoodle.fun/stemday/songs/CVQK375.mp3,CVQK375
https://remoodle.fun/stemday/songs/WINU177.mp3,WINU177
https://remoodle.fun/stemday/songs/JVXB299.mp3,JVXB299
https://remoodle.fun/stemday/songs/GPJB652.mp3,GPJB652
https://remoodle.fun/stemday/songs/JJUJ375.mp3,JJUJ375
https://remoodle.fun/stemday/songs/WLIV369.mp3,WLIV369
https://remoodle.fun/stemday/songs/AMJU157.mp3,AMJU157
https://remoodle.fun/stemday/songs/XZLH476.mp3,XZLH476
https://remoodle.fun/stemday/songs/ZEBV075.mp3,ZEBV075
https://remoodle.fun/stemday/songs/JFOF286.mp3,JFOF286
https://remoodle.fun/stemday/songs/VVTK045.mp3,VVTK045
https://remoodle.fun/stemday/songs/DFDG410.mp3,DFDG410
https://remoodle.fun/stemday/songs/EOUC858.mp3,EOUC858
https://remoodle.fun/stemday/songs/OIHW565.mp3,OIHW565
https://remoodle.fun/stemday/songs/VURB662.mp3,VURB662
https://remoodle.fun/stemday/songs/EDVV227.mp3,EDVV227
https://remoodle.fun/stemday/songs/UWEL780.mp3,UWEL780
https://remoodle.fun/stemday/songs/JBMX744.mp3,JBMX744
https://remoodle.fun/stemday/songs/GHOO399.mp3,GHOO399
https://remoodle.fun/stemday/songs/YCTI030.mp3,YCTI030
https://remoodle.fun/stemday/songs/PHTQ427.mp3,PHTQ427
https://remoodle.fun/stemday/songs/UHHX572.mp3,UHHX572
https://remoodle.fun/stemday/songs/OWPM309.mp3,OWPM309
https://remoodle.fun/stemday/songs/JAUP967.mp3,JAUP967
https://remoodle.fun/stemday/songs/NFZQ808.mp3,NFZQ808
https://remoodle.fun/stemday/songs/MXEK195.mp3,MXEK195
https://remoodle.fun/stemday/songs/ZQEZ033.mp3,ZQEZ033
https://remoodle.fun/stemday/songs/DQJE921.mp3,DQJE921
https://remoodle.fun/stemday/songs/RSND928.mp3,RSND928
https://remoodle.fun/stemday/songs/KATJ994.mp3,KATJ994
https://remoodle.fun/stemday/songs/FKNT203.mp3,FKNT203
https://remoodle.fun/stemday/songs/RWZG591.mp3,RWZG591
https://remoodle.fun/stemday/songs/QFVY676.mp3,QFVY676
https://remoodle.fun/stemday/songs/PVJM480.mp3,PVJM480
https://remoodle.fun/stemday/songs/RTUB664.mp3,RTUB664
https://remoodle.fun/stemday/songs/DIIS934.mp3,DIIS934
https://remoodle.fun/stemday/songs/DOEK123.mp3,DOEK123
https://remoodle.fun/stemday/songs/HFEJ699.mp3,HFEJ699
https://remoodle.fun/stemday/songs/APNL649.mp3,APNL649
https://remoodle.fun/stemday/songs/BNSX050.mp3,BNSX050
https://remoodle.fun/stemday/songs/AVWK218.mp3,AVWK218
https://remoodle.fun/stemday/songs/CQQB606.mp3,CQQB606
https://remoodle.fun/stemday/songs/EHEG587.mp3,EHEG587
https://remoodle.fun/stemday/songs/WEIT081.mp3,WEIT081
https://remoodle.fun/stemday/songs/ZOLD609.mp3,ZOLD609
https://remoodle.fun/stemday/songs/JZYI702.mp3,JZYI702
https://remoodle.fun/stemday/songs/SMLB424.mp3,SMLB424
https://remoodle.fun/stemday/songs/HRRE879.mp3,HRRE879
https://remoodle.fun/stemday/songs/MODS711.mp3,MODS711
https://remoodle.fun/stemday/songs/ZYVB537.mp3,ZYVB537
https://remoodle.fun/stemday/songs/GGTJ804.mp3,GGTJ804
https://remoodle.fun/stemday/songs/POSS329.mp3,POSS329
https://remoodle.fun/stemday/songs/ZGRP135.mp3,ZGRP135
https://remoodle.fun/stemday/songs/PRWE285.mp3,PRWE285
https://remoodle.fun/stemday/songs/KERG985.mp3,KERG985
https://remoodle.fun/stemday/songs/JXNW537.mp3,JXNW537
https://remoodle.fun/stemday/songs/BVXK816.mp3,BVXK816
https://remoodle.fun/stemday/songs/LJJJ473.mp3,LJJJ473
https://remoodle.fun/stemday/songs/TAVY939.mp3,TAVY939
https://remoodle.fun/stemday/songs/UXOW989.mp3,UXOW989
https://remoodle.fun/stemday/songs/QIKU499.mp3,QIKU499
https://remoodle.fun/stemday/songs/CVMN166.mp3,CVMN166
https://remoodle.fun/stemday/songs/KMLQ050.mp3,KMLQ050
https://remoodle.fun/stemday/songs/JIOC374.mp3,JIOC374
https://remoodle.fun/stemday/songs/DARQ164.mp3,DARQ164
https://remoodle.fun/stemday/songs/YHUH995.mp3,YHUH995
https://remoodle.fun/stemday/songs/DBQV273.mp3,DBQV273
https://remoodle.fun/stemday/songs/XVSL121.mp3,XVSL121
https://remoodle.fun/stemday/songs/YIVE436.mp3,YIVE436
https://remoodle.fun/stemday/songs/QOJT538.mp3,QOJT538
https://remoodle.fun/stemday/songs/XNSS397.mp3,XNSS397
https://remoodle.fun/stemday/songs/EIQH455.mp3,EIQH455
https://remoodle.fun/stemday/songs/CKSJ346.mp3,CKSJ346
https://remoodle.fun/stemday/songs/XSFX783.mp3,XSFX783
https://remoodle.fun/stemday/songs/MHPS246.mp3,MHPS246
https://remoodle.fun/stemday/songs/TESR385.mp3,TESR385
https://remoodle.fun/stemday/songs/WOYW144.mp3,WOYW144
https://remoodle.fun/stemday/songs/GVBQ589.mp3,GVBQ589
https://remoodle.fun/stemday/songs/FGOA376.mp3,FGOA376
https://remoodle.fun/stemday/songs/LXII308.mp3,LXII308
https://remoodle.fun/stemday/songs/UORT372.mp3,UORT372
https://remoodle.fun/stemday/songs/KWET378.mp3,KWET378
https://remoodle.fun/stemday/songs/NEKH232.mp3,NEKH232
https://remoodle.fun/stemday/songs/ZBOP622.mp3,ZBOP622
https://remoodle.fun/stemday/songs/LRAC360.mp3,LRAC360
https://remoodle.fun/stemday/songs/IHVO470.mp3,IHVO470
https://remoodle.fun/stemday/songs/FPEM812.mp3,FPEM812
https://remoodle.fun/stemday/songs/JERX591.mp3,JERX591
https://remoodle.fun/stemday/songs/MUVP340.mp3,MUVP340
https://remoodle.fun/stemday/songs/ZENH768.mp3,ZENH768
https://remoodle.fun/stemday/songs/QICL245.mp3,QICL245
https://remoodle.fun/stemday/songs/NAPG809.mp3,NAPG809
https://remoodle.fun/stemday/songs/HOLT937.mp3,HOLT937
https://remoodle.fun/stemday/songs/TIRY654.mp3,TIRY654
https://remoodle.fun/stemday/songs/VEXA120.mp3,VEXA120
https://remoodle.fun/stemday/songs/KUIB478.mp3,KUIB478
https://remoodle.fun/stemday/songs/XOPF301.mp3,XOPF301
https://remoodle.fun/stemday/songs/DAKT112.mp3,DAKT112
https://remoodle.fun/stemday/songs/RBQL739.mp3,RBQL739
https://remoodle.fun/stemday/songs/ZWEM663.mp3,ZWEM663
https://remoodle.fun/stemday/songs/LUXP084.mp3,LUXP084
https://remoodle.fun/stemday/songs/FOQZ976.mp3,FOQZ976
https://remoodle.fun/stemday/songs/YAGT548.mp3,YAGT548
https://remoodle.fun/stemday/songs/PWNC280.mp3,PWNC280
https://remoodle.fun/stemday/songs/QNYJ709.mp3,QNYJ709
https://remoodle.fun/stemday/songs/MIWB326.mp3,MIWB326
https://remoodle.fun/stemday/songs/GAEH114.mp3,GAEH114
https://remoodle.fun/stemday/songs/BUZK980.mp3,BUZK980
https://remoodle.fun/stemday/songs/OJCV422.mp3,OJCV422
https://remoodle.fun/stemday/songs/HKNP347.mp3,HKNP347
https://remoodle.fun/stemday/songs/VTBZ531.mp3,VTBZ531
https://remoodle.fun/stemday/songs/WYQG005.mp3,WYQG005
https://remoodle.fun/stemday/songs/SMRD787.mp3,SMRD787
https://remoodle.fun/stemday/songs/XIRF900.mp3,XIRF900
https://remoodle.fun/stemday/songs/LEUJ673.mp3,LEUJ673
https://remoodle.fun/stemday/songs/DQVS188.mp3,DQVS188
https://remoodle.fun/stemday/songs/ZJXO330.mp3,ZJXO330
https://remoodle.fun/stemday/songs/KERU558.mp3,KERU558
https://remoodle.fun/stemday/songs/NYXF803.mp3,NYXF803
https://remoodle.fun/stemday/songs/BILC724.mp3,BILC724
https://remoodle.fun/stemday/songs/JUVR119.mp3,JUVR119
https://remoodle.fun/stemday/songs/XOQE637.mp3,XOQE637
https://remoodle.fun/stemday/songs/TRMW466.mp3,TRMW466